2242,NodeOutput,4
2243,NodeOutput,4
2244,NodeOutput,4
13,NodeWatch,4
8,NodeInput,5
1802,NodeEqInlined,10
1803,NodeEqInlined,10
1804,NodeEqInlined,10
1805,NodeEqInlined,10
1806,NodeEqInlined,10
2,NodeInput,5
1808,NodeShift,10
42,NodeReinterpret,10
5,NodeInput,4
45,NodeOr,10
1809,NodeShift,10
49,NodeReinterpret,10
54,NodeOr,10
530,NodeMux,11
1810,NodeShift,11
62,NodeReinterpret,11
63,NodeOr,11
540,NodeMux,12
1811,NodeShift,12
71,NodeReinterpret,12
76,NodeOr,12
550,NodeMux,13
1812,NodeShift,13
84,NodeReinterpret,13
87,NodeOr,13
560,NodeMux,14
1813,NodeShift,14
93,NodeReinterpret,14
96,NodeOr,14
570,NodeMux,15
1814,NodeShift,18
676,NodeReinterpret,18
714,NodeReinterpret,18
715,NodeSlice,18
716,NodeReinterpret,18
717,NodeCast,18
1815,NodeReinterpret,18
1816,NodeCast,18
1817,NodeShift,16
748,NodeReinterpret,16
786,NodeReinterpret,16
787,NodeSlice,16
788,NodeReinterpret,16
789,NodeCast,16
790,NodeSub,16
750,NodeAnd,16
791,NodeAdd,17
792,NodeReinterpret,18
793,NodeSlice,18
794,NodeReinterpret,18
795,NodeCast,18
1398,NodeAdd,18
1818,NodeShift,18
1452,NodeReinterpret,18
1453,NodeCast,18
1819,NodeShift,18
1442,NodeReinterpret,18
1443,NodeCast,18
2208,NodeReinterpret,18
1422,NodeReinterpret,18
1423,NodeCast,18
459,NodeAdd,10
1821,NodeShift,11
462,NodeReinterpret,11
464,NodeAdd,10
465,NodeOr,11
1822,NodeShift,11
469,NodeReinterpret,11
471,NodeAdd,9
473,NodeAdd,10
474,NodeOr,11
537,NodeMux,12
477,NodeAdd,10
479,NodeAdd,11
1823,NodeShift,12
482,NodeReinterpret,12
483,NodeOr,12
547,NodeMux,13
486,NodeAdd,11
488,NodeAdd,12
1824,NodeShift,13
491,NodeReinterpret,13
493,NodeAdd,11
495,NodeAdd,12
496,NodeOr,13
557,NodeMux,14
499,NodeAdd,12
501,NodeAdd,13
1825,NodeShift,14
504,NodeReinterpret,14
506,NodeSub,13
507,NodeOr,14
567,NodeMux,15
510,NodeAdd,14
1826,NodeShift,15
513,NodeReinterpret,15
515,NodeAdd,14
516,NodeOr,15
577,NodeMux,16
1827,NodeShift,18
711,NodeReinterpret,18
742,NodeReinterpret,18
743,NodeSlice,18
744,NodeReinterpret,25
745,NodeCast,25
1828,NodeReinterpret,25
1829,NodeCast,25
1830,NodeShift,18
783,NodeReinterpret,18
856,NodeReinterpret,18
857,NodeSlice,18
858,NodeReinterpret,18
859,NodeCast,18
860,NodeSub,18
785,NodeAnd,18
861,NodeAdd,19
862,NodeReinterpret,20
863,NodeSlice,20
864,NodeReinterpret,25
865,NodeCast,25
889,NodeAdd,25
1831,NodeEqInlined,26
399,NodeAdd,10
1832,NodeShift,11
402,NodeReinterpret,11
404,NodeAdd,10
405,NodeOr,11
1833,NodeShift,11
409,NodeReinterpret,11
411,NodeAdd,9
413,NodeAdd,10
414,NodeOr,11
536,NodeMux,12
417,NodeAdd,10
419,NodeAdd,11
1834,NodeShift,12
422,NodeReinterpret,12
423,NodeOr,12
546,NodeMux,13
426,NodeAdd,11
428,NodeAdd,12
1835,NodeShift,13
431,NodeReinterpret,13
433,NodeAdd,11
435,NodeAdd,12
436,NodeOr,13
556,NodeMux,14
439,NodeAdd,12
441,NodeAdd,13
1836,NodeShift,14
444,NodeReinterpret,14
446,NodeSub,13
447,NodeOr,14
566,NodeMux,15
450,NodeAdd,14
1837,NodeShift,15
453,NodeReinterpret,15
455,NodeAdd,14
456,NodeOr,15
576,NodeMux,16
1838,NodeShift,18
706,NodeReinterpret,18
738,NodeReinterpret,18
739,NodeSlice,18
740,NodeReinterpret,24
741,NodeCast,24
1839,NodeReinterpret,24
1840,NodeCast,24
1841,NodeShift,18
778,NodeReinterpret,18
846,NodeReinterpret,18
847,NodeSlice,18
848,NodeReinterpret,18
849,NodeCast,18
850,NodeSub,18
780,NodeAnd,18
851,NodeAdd,19
852,NodeReinterpret,20
853,NodeSlice,20
854,NodeReinterpret,24
855,NodeCast,24
886,NodeAdd,24
1842,NodeEqInlined,25
339,NodeAdd,10
1843,NodeShift,11
342,NodeReinterpret,11
344,NodeAdd,10
345,NodeOr,11
1844,NodeShift,11
349,NodeReinterpret,11
351,NodeAdd,9
353,NodeAdd,10
354,NodeOr,11
535,NodeMux,12
357,NodeAdd,10
359,NodeAdd,11
1845,NodeShift,12
362,NodeReinterpret,12
363,NodeOr,12
545,NodeMux,13
366,NodeAdd,11
368,NodeAdd,12
1846,NodeShift,13
371,NodeReinterpret,13
373,NodeAdd,11
375,NodeAdd,12
376,NodeOr,13
555,NodeMux,14
379,NodeAdd,12
381,NodeAdd,13
1847,NodeShift,14
384,NodeReinterpret,14
386,NodeSub,13
387,NodeOr,14
565,NodeMux,15
390,NodeAdd,14
1848,NodeShift,15
393,NodeReinterpret,15
395,NodeAdd,14
396,NodeOr,15
575,NodeMux,16
1849,NodeShift,18
701,NodeReinterpret,18
734,NodeReinterpret,18
735,NodeSlice,18
736,NodeReinterpret,23
737,NodeCast,23
1850,NodeReinterpret,23
1851,NodeCast,23
1852,NodeShift,18
773,NodeReinterpret,18
836,NodeReinterpret,18
837,NodeSlice,18
838,NodeReinterpret,18
839,NodeCast,18
840,NodeSub,18
775,NodeAnd,18
841,NodeAdd,19
842,NodeReinterpret,20
843,NodeSlice,20
844,NodeReinterpret,23
845,NodeCast,23
883,NodeAdd,23
1853,NodeEqInlined,24
279,NodeAdd,10
1854,NodeShift,11
282,NodeReinterpret,11
285,NodeOr,11
1855,NodeShift,11
289,NodeReinterpret,11
291,NodeAdd,10
294,NodeOr,11
534,NodeMux,12
297,NodeAdd,11
1856,NodeShift,12
302,NodeReinterpret,12
303,NodeOr,12
544,NodeMux,13
306,NodeAdd,12
1857,NodeShift,13
311,NodeReinterpret,13
313,NodeAdd,12
316,NodeOr,13
554,NodeMux,14
319,NodeAdd,13
1858,NodeShift,14
324,NodeReinterpret,14
326,NodeSub,13
327,NodeOr,14
564,NodeMux,15
1859,NodeShift,14
333,NodeReinterpret,15
335,NodeAdd,14
336,NodeOr,15
574,NodeMux,16
1860,NodeShift,18
696,NodeReinterpret,18
730,NodeReinterpret,18
731,NodeSlice,18
732,NodeReinterpret,22
733,NodeCast,22
1861,NodeReinterpret,22
1862,NodeCast,22
1863,NodeShift,18
768,NodeReinterpret,18
826,NodeReinterpret,18
827,NodeSlice,18
828,NodeReinterpret,18
829,NodeCast,18
830,NodeSub,18
770,NodeAnd,18
831,NodeAdd,19
832,NodeReinterpret,20
833,NodeSlice,20
834,NodeReinterpret,22
835,NodeCast,22
880,NodeAdd,22
1864,NodeEqInlined,23
1865,NodeShift,11
222,NodeReinterpret,11
224,NodeAdd,10
225,NodeOr,11
1866,NodeShift,11
229,NodeReinterpret,11
233,NodeAdd,10
234,NodeOr,11
533,NodeMux,12
239,NodeAdd,11
1867,NodeShift,12
242,NodeReinterpret,12
243,NodeOr,12
543,NodeMux,13
248,NodeAdd,12
1868,NodeShift,13
251,NodeReinterpret,13
255,NodeAdd,12
256,NodeOr,13
553,NodeMux,14
261,NodeAdd,13
1869,NodeShift,14
264,NodeReinterpret,14
266,NodeSub,13
267,NodeOr,14
563,NodeMux,15
270,NodeAdd,14
1870,NodeShift,15
273,NodeReinterpret,15
276,NodeOr,15
573,NodeMux,16
1871,NodeShift,18
691,NodeReinterpret,18
726,NodeReinterpret,18
727,NodeSlice,18
728,NodeReinterpret,21
729,NodeCast,21
1872,NodeReinterpret,21
1873,NodeCast,21
1874,NodeShift,18
763,NodeReinterpret,18
816,NodeReinterpret,18
817,NodeSlice,18
818,NodeReinterpret,18
819,NodeCast,18
820,NodeSub,18
765,NodeAnd,18
821,NodeAdd,19
822,NodeReinterpret,20
823,NodeSlice,20
824,NodeReinterpret,21
825,NodeCast,21
877,NodeAdd,21
1875,NodeEqInlined,22
1876,NodeShift,11
162,NodeReinterpret,11
164,NodeAdd,10
165,NodeOr,11
1877,NodeShift,11
169,NodeReinterpret,11
173,NodeAdd,10
174,NodeOr,11
532,NodeMux,12
179,NodeAdd,11
1878,NodeShift,12
182,NodeReinterpret,12
183,NodeOr,12
542,NodeMux,13
188,NodeAdd,12
1879,NodeShift,13
191,NodeReinterpret,13
195,NodeAdd,12
196,NodeOr,13
552,NodeMux,14
201,NodeAdd,13
1880,NodeShift,14
204,NodeReinterpret,14
206,NodeSub,13
207,NodeOr,14
562,NodeMux,15
210,NodeAdd,14
1881,NodeShift,15
213,NodeReinterpret,15
216,NodeOr,15
572,NodeMux,16
1882,NodeShift,18
686,NodeReinterpret,18
722,NodeReinterpret,18
723,NodeSlice,18
724,NodeReinterpret,20
725,NodeCast,20
1883,NodeReinterpret,20
1884,NodeCast,20
1885,NodeShift,18
758,NodeReinterpret,18
806,NodeReinterpret,18
807,NodeSlice,18
808,NodeReinterpret,18
809,NodeCast,18
810,NodeSub,18
760,NodeAnd,18
811,NodeAdd,19
812,NodeReinterpret,20
813,NodeSlice,20
814,NodeReinterpret,20
815,NodeCast,20
874,NodeAdd,20
1886,NodeEqInlined,21
1887,NodeShift,11
102,NodeReinterpret,11
104,NodeAdd,10
105,NodeOr,11
1888,NodeShift,11
109,NodeReinterpret,11
113,NodeAdd,10
114,NodeOr,11
531,NodeMux,12
119,NodeAdd,11
1889,NodeShift,12
122,NodeReinterpret,12
123,NodeOr,12
541,NodeMux,13
128,NodeAdd,12
1890,NodeShift,13
131,NodeReinterpret,13
135,NodeAdd,12
136,NodeOr,13
551,NodeMux,14
141,NodeAdd,13
1891,NodeShift,14
144,NodeReinterpret,14
146,NodeSub,13
147,NodeOr,14
561,NodeMux,15
150,NodeAdd,14
1892,NodeShift,15
153,NodeReinterpret,15
156,NodeOr,15
571,NodeMux,16
1893,NodeShift,18
681,NodeReinterpret,18
718,NodeReinterpret,18
719,NodeSlice,18
720,NodeReinterpret,19
721,NodeCast,19
1894,NodeReinterpret,19
1895,NodeCast,19
1896,NodeShift,17
753,NodeReinterpret,17
796,NodeReinterpret,17
797,NodeSlice,17
798,NodeReinterpret,17
799,NodeCast,17
800,NodeSub,17
755,NodeAnd,17
801,NodeAdd,18
802,NodeReinterpret,19
803,NodeSlice,19
804,NodeReinterpret,19
805,NodeCast,19
871,NodeAdd,19
1897,NodeEqInlined,20
1901,NodeShift,17
580,NodeReinterpret,17
1902,NodeReinterpret,17
1903,NodeCast,17
1904,NodeReinterpret,17
1906,NodeAdd,17
1905,NodeReinterpret,17
1907,NodeAdd,18
1908,NodeCast,19
582,NodeAnd,18
1909,NodeReinterpret,19
1910,NodeCast,19
624,NodeAdd,19
1911,NodeShift,17
585,NodeReinterpret,17
1912,NodeReinterpret,17
1913,NodeCast,17
1914,NodeReinterpret,17
1916,NodeAdd,17
1915,NodeReinterpret,17
1917,NodeAdd,18
1918,NodeCast,19
587,NodeAnd,18
1919,NodeReinterpret,19
1920,NodeCast,19
631,NodeAdd,19
895,NodeMux,21
1921,NodeShift,17
590,NodeReinterpret,17
1922,NodeReinterpret,17
1923,NodeCast,17
1924,NodeReinterpret,17
1926,NodeAdd,17
1925,NodeReinterpret,17
1927,NodeAdd,18
1928,NodeCast,19
592,NodeAnd,18
1929,NodeReinterpret,19
1930,NodeCast,19
638,NodeAdd,19
898,NodeMux,22
1931,NodeShift,17
595,NodeReinterpret,17
1932,NodeReinterpret,17
1933,NodeCast,17
1934,NodeReinterpret,17
1936,NodeAdd,17
1935,NodeReinterpret,17
1937,NodeAdd,18
1938,NodeCast,19
597,NodeAnd,18
1939,NodeReinterpret,19
1940,NodeCast,19
645,NodeAdd,19
901,NodeMux,23
1941,NodeShift,17
600,NodeReinterpret,17
1942,NodeReinterpret,17
1943,NodeCast,17
1944,NodeReinterpret,17
1946,NodeAdd,17
1945,NodeReinterpret,17
1947,NodeAdd,18
1948,NodeCast,19
602,NodeAnd,18
1949,NodeReinterpret,19
1950,NodeCast,19
652,NodeAdd,19
904,NodeMux,24
1951,NodeShift,17
605,NodeReinterpret,17
1952,NodeReinterpret,17
1953,NodeCast,17
1954,NodeReinterpret,17
1956,NodeAdd,17
1955,NodeReinterpret,17
1957,NodeAdd,18
1958,NodeCast,19
607,NodeAnd,18
1959,NodeReinterpret,19
1960,NodeCast,19
659,NodeAdd,19
907,NodeMux,25
1961,NodeShift,17
610,NodeReinterpret,17
1962,NodeReinterpret,17
1963,NodeCast,17
1964,NodeReinterpret,17
1966,NodeAdd,17
1965,NodeReinterpret,17
1967,NodeAdd,18
1968,NodeCast,19
612,NodeAnd,18
1969,NodeReinterpret,19
1970,NodeCast,19
666,NodeAdd,19
910,NodeMux,26
1971,NodeShift,17
615,NodeReinterpret,17
1972,NodeReinterpret,17
1973,NodeCast,17
1974,NodeReinterpret,17
1976,NodeAdd,17
1975,NodeReinterpret,18
1977,NodeAdd,18
1978,NodeCast,19
617,NodeAnd,18
1979,NodeReinterpret,19
1980,NodeCast,19
673,NodeAdd,19
913,NodeMux,27
1352,NodeCast,28
1982,NodeReinterpret,25
1983,NodeCast,25
1105,NodeAdd,25
1984,NodeEqInlined,26
1985,NodeReinterpret,24
1986,NodeCast,24
1102,NodeAdd,24
1987,NodeEqInlined,25
1988,NodeReinterpret,23
1989,NodeCast,23
1099,NodeAdd,23
1990,NodeEqInlined,24
1991,NodeReinterpret,22
1992,NodeCast,22
1096,NodeAdd,22
1993,NodeEqInlined,23
1994,NodeReinterpret,21
1995,NodeCast,21
1093,NodeAdd,21
1996,NodeEqInlined,22
1997,NodeReinterpret,20
1998,NodeCast,20
1090,NodeAdd,20
1999,NodeEqInlined,21
2000,NodeReinterpret,19
2001,NodeCast,19
1087,NodeAdd,19
2002,NodeEqInlined,20
16,NodeInput,15
19,NodeInput,15
1111,NodeMux,21
22,NodeInput,15
1114,NodeMux,22
25,NodeInput,15
1117,NodeMux,23
28,NodeInput,15
1120,NodeMux,24
31,NodeInput,15
1123,NodeMux,25
34,NodeInput,15
1126,NodeMux,26
37,NodeInput,15
1129,NodeMux,27
1311,NodeAdd,28
1312,NodeMux,28
11,NodeInput,23
2209,NodeReinterpret,28
1350,NodeReinterpret,28
1351,NodeCast,28
1353,NodeCast,28
1780,NodeRAM,28
2007,NodeEqInlined,26
2008,NodeEqInlined,25
2009,NodeEqInlined,24
2010,NodeEqInlined,23
2011,NodeEqInlined,22
2012,NodeEqInlined,21
2013,NodeEqInlined,20
1898,NodeReinterpret,18
1899,NodeCast,18
868,NodeAdd,18
2014,NodeEqInlined,19
916,NodeMux,20
919,NodeMux,21
922,NodeMux,22
925,NodeMux,23
928,NodeMux,24
931,NodeMux,25
934,NodeMux,26
937,NodeMux,27
1358,NodeCast,28
2016,NodeEqInlined,26
2017,NodeEqInlined,25
2018,NodeEqInlined,24
2019,NodeEqInlined,23
2020,NodeEqInlined,22
2021,NodeEqInlined,21
2022,NodeEqInlined,20
2003,NodeReinterpret,18
2004,NodeCast,18
1084,NodeAdd,18
2023,NodeEqInlined,19
1132,NodeMux,20
1135,NodeMux,21
1138,NodeMux,22
1141,NodeMux,23
1144,NodeMux,24
1147,NodeMux,25
1150,NodeMux,26
1153,NodeMux,27
1316,NodeAdd,28
1317,NodeMux,28
2024,NodeShift,28
1356,NodeReinterpret,28
1357,NodeCast,28
1359,NodeCast,28
1781,NodeRAM,28
1424,NodeMux,30
2210,NodeReinterpret,18
1427,NodeReinterpret,18
1428,NodeCast,18
2026,NodeEqInlined,26
2027,NodeEqInlined,25
2028,NodeEqInlined,24
2029,NodeEqInlined,23
2030,NodeEqInlined,22
2031,NodeEqInlined,21
2032,NodeEqInlined,20
2033,NodeEqInlined,19
940,NodeMux,20
943,NodeMux,21
946,NodeMux,22
949,NodeMux,23
952,NodeMux,24
955,NodeMux,25
958,NodeMux,26
961,NodeMux,27
1364,NodeCast,28
2035,NodeEqInlined,26
2036,NodeEqInlined,25
2037,NodeEqInlined,24
2038,NodeEqInlined,23
2039,NodeEqInlined,22
2040,NodeEqInlined,21
2041,NodeEqInlined,20
2042,NodeEqInlined,19
1156,NodeMux,20
1159,NodeMux,21
1162,NodeMux,22
1165,NodeMux,23
1168,NodeMux,24
1171,NodeMux,25
1174,NodeMux,26
1177,NodeMux,27
1321,NodeAdd,28
1322,NodeMux,28
2043,NodeShift,28
1362,NodeReinterpret,28
1363,NodeCast,28
1365,NodeCast,28
1782,NodeRAM,28
2044,NodeEqInlined,26
2045,NodeEqInlined,25
2046,NodeEqInlined,24
2047,NodeEqInlined,23
2048,NodeEqInlined,22
2049,NodeEqInlined,21
2050,NodeEqInlined,20
2051,NodeEqInlined,19
964,NodeMux,20
967,NodeMux,21
970,NodeMux,22
973,NodeMux,23
976,NodeMux,24
979,NodeMux,25
982,NodeMux,26
985,NodeMux,27
1370,NodeCast,28
2053,NodeEqInlined,26
2054,NodeEqInlined,25
2055,NodeEqInlined,24
2056,NodeEqInlined,23
2057,NodeEqInlined,22
2058,NodeEqInlined,21
2059,NodeEqInlined,20
2060,NodeEqInlined,19
1180,NodeMux,20
1183,NodeMux,21
1186,NodeMux,22
1189,NodeMux,23
1192,NodeMux,24
1195,NodeMux,25
1198,NodeMux,26
1201,NodeMux,27
1326,NodeAdd,28
1327,NodeMux,28
2061,NodeShift,28
1368,NodeReinterpret,28
1369,NodeCast,28
1371,NodeCast,28
1783,NodeRAM,28
1429,NodeMux,30
1444,NodeMux,30
2062,NodeShift,18
1447,NodeReinterpret,18
1448,NodeCast,18
2211,NodeReinterpret,18
1432,NodeReinterpret,18
1433,NodeCast,18
2064,NodeEqInlined,26
2065,NodeEqInlined,25
2066,NodeEqInlined,24
2067,NodeEqInlined,23
2068,NodeEqInlined,22
2069,NodeEqInlined,21
2070,NodeEqInlined,20
2071,NodeEqInlined,19
988,NodeMux,20
991,NodeMux,21
994,NodeMux,22
997,NodeMux,23
1000,NodeMux,24
1003,NodeMux,25
1006,NodeMux,26
1009,NodeMux,27
1376,NodeCast,28
2073,NodeEqInlined,26
2074,NodeEqInlined,25
2075,NodeEqInlined,24
2076,NodeEqInlined,23
2077,NodeEqInlined,22
2078,NodeEqInlined,21
2079,NodeEqInlined,20
2080,NodeEqInlined,19
1204,NodeMux,20
1207,NodeMux,21
1210,NodeMux,22
1213,NodeMux,23
1216,NodeMux,24
1219,NodeMux,25
1222,NodeMux,26
1225,NodeMux,27
1331,NodeAdd,28
1332,NodeMux,28
2081,NodeShift,28
1374,NodeReinterpret,28
1375,NodeCast,28
1377,NodeCast,28
1784,NodeRAM,28
2082,NodeEqInlined,26
2083,NodeEqInlined,25
2084,NodeEqInlined,24
2085,NodeEqInlined,23
2086,NodeEqInlined,22
2087,NodeEqInlined,21
2088,NodeEqInlined,20
2089,NodeEqInlined,19
1012,NodeMux,20
1015,NodeMux,21
1018,NodeMux,22
1021,NodeMux,23
1024,NodeMux,24
1027,NodeMux,25
1030,NodeMux,26
1033,NodeMux,27
1382,NodeCast,28
2091,NodeEqInlined,26
2092,NodeEqInlined,25
2093,NodeEqInlined,24
2094,NodeEqInlined,23
2095,NodeEqInlined,22
2096,NodeEqInlined,21
2097,NodeEqInlined,20
2098,NodeEqInlined,19
1228,NodeMux,20
1231,NodeMux,21
1234,NodeMux,22
1237,NodeMux,23
1240,NodeMux,24
1243,NodeMux,25
1246,NodeMux,26
1249,NodeMux,27
1336,NodeAdd,28
1337,NodeMux,28
2099,NodeShift,28
1380,NodeReinterpret,28
1381,NodeCast,28
1383,NodeCast,28
1785,NodeRAM,28
1434,NodeMux,30
2212,NodeReinterpret,18
1437,NodeReinterpret,18
1438,NodeCast,18
2101,NodeEqInlined,26
2102,NodeEqInlined,25
2103,NodeEqInlined,24
2104,NodeEqInlined,23
2105,NodeEqInlined,22
2106,NodeEqInlined,21
2107,NodeEqInlined,20
2108,NodeEqInlined,19
1036,NodeMux,20
1039,NodeMux,21
1042,NodeMux,22
1045,NodeMux,23
1048,NodeMux,24
1051,NodeMux,25
1054,NodeMux,26
1057,NodeMux,27
1388,NodeCast,28
2110,NodeEqInlined,26
2111,NodeEqInlined,25
2112,NodeEqInlined,24
2113,NodeEqInlined,23
2114,NodeEqInlined,22
2115,NodeEqInlined,21
2116,NodeEqInlined,20
2117,NodeEqInlined,19
1252,NodeMux,20
1255,NodeMux,21
1258,NodeMux,22
1261,NodeMux,23
1264,NodeMux,24
1267,NodeMux,25
1270,NodeMux,26
1273,NodeMux,27
1341,NodeAdd,28
1342,NodeMux,28
2118,NodeShift,28
1386,NodeReinterpret,28
1387,NodeCast,28
1389,NodeCast,28
1786,NodeRAM,28
2119,NodeEqInlined,26
2120,NodeEqInlined,25
2121,NodeEqInlined,24
2122,NodeEqInlined,23
2123,NodeEqInlined,22
2124,NodeEqInlined,21
2125,NodeEqInlined,20
2126,NodeEqInlined,19
1060,NodeMux,20
1063,NodeMux,21
1066,NodeMux,22
1069,NodeMux,23
1072,NodeMux,24
1075,NodeMux,25
1078,NodeMux,26
1081,NodeMux,27
1394,NodeCast,28
2128,NodeEqInlined,26
2129,NodeEqInlined,25
2130,NodeEqInlined,24
2131,NodeEqInlined,23
2132,NodeEqInlined,22
2133,NodeEqInlined,21
2134,NodeEqInlined,20
2135,NodeEqInlined,19
1276,NodeMux,20
1279,NodeMux,21
1282,NodeMux,22
1285,NodeMux,23
1288,NodeMux,24
1291,NodeMux,25
1294,NodeMux,26
1297,NodeMux,27
1346,NodeAdd,28
1347,NodeMux,28
2136,NodeShift,28
1392,NodeReinterpret,28
1393,NodeCast,28
1395,NodeCast,28
1787,NodeRAM,28
1439,NodeMux,30
1449,NodeMux,30
1454,NodeMux,30
1703,NodeAdd,30
1704,NodeMux,30
1744,NodeOutput,30
2138,NodeReinterpret,19
2139,NodeCast,19
1401,NodeAdd,19
2140,NodeShift,19
1487,NodeReinterpret,19
1488,NodeCast,19
2141,NodeShift,19
1477,NodeReinterpret,19
1478,NodeCast,19
2213,NodeReinterpret,19
1457,NodeReinterpret,19
1458,NodeCast,19
1459,NodeMux,30
2214,NodeReinterpret,19
1462,NodeReinterpret,19
1463,NodeCast,19
1464,NodeMux,30
1479,NodeMux,30
2144,NodeShift,19
1482,NodeReinterpret,19
1483,NodeCast,19
2215,NodeReinterpret,19
1467,NodeReinterpret,19
1468,NodeCast,19
1469,NodeMux,30
2216,NodeReinterpret,19
1472,NodeReinterpret,19
1473,NodeCast,19
1474,NodeMux,30
1484,NodeMux,30
1489,NodeMux,30
1708,NodeAdd,30
1709,NodeMux,30
1749,NodeOutput,30
2148,NodeReinterpret,20
2149,NodeCast,20
1404,NodeAdd,20
2150,NodeShift,20
1522,NodeReinterpret,20
1523,NodeCast,20
2151,NodeShift,20
1512,NodeReinterpret,20
1513,NodeCast,20
2217,NodeReinterpret,20
1492,NodeReinterpret,20
1493,NodeCast,20
1494,NodeMux,30
2218,NodeReinterpret,20
1497,NodeReinterpret,20
1498,NodeCast,20
1499,NodeMux,30
1514,NodeMux,30
2154,NodeShift,20
1517,NodeReinterpret,20
1518,NodeCast,20
2219,NodeReinterpret,20
1502,NodeReinterpret,20
1503,NodeCast,20
1504,NodeMux,30
2220,NodeReinterpret,20
1507,NodeReinterpret,20
1508,NodeCast,20
1509,NodeMux,30
1519,NodeMux,30
1524,NodeMux,30
1713,NodeAdd,30
1714,NodeMux,30
1754,NodeOutput,30
2158,NodeReinterpret,21
2159,NodeCast,21
1407,NodeAdd,21
2160,NodeShift,21
1557,NodeReinterpret,21
1558,NodeCast,21
2161,NodeShift,21
1547,NodeReinterpret,21
1548,NodeCast,21
2221,NodeReinterpret,21
1527,NodeReinterpret,21
1528,NodeCast,21
1529,NodeMux,30
2222,NodeReinterpret,21
1532,NodeReinterpret,21
1533,NodeCast,21
1534,NodeMux,30
1549,NodeMux,30
2164,NodeShift,21
1552,NodeReinterpret,21
1553,NodeCast,21
2223,NodeReinterpret,21
1537,NodeReinterpret,21
1538,NodeCast,21
1539,NodeMux,30
2224,NodeReinterpret,21
1542,NodeReinterpret,21
1543,NodeCast,21
1544,NodeMux,30
1554,NodeMux,30
1559,NodeMux,30
1718,NodeAdd,30
1719,NodeMux,30
1759,NodeOutput,30
2168,NodeReinterpret,22
2169,NodeCast,22
1410,NodeAdd,22
2170,NodeShift,22
1592,NodeReinterpret,22
1593,NodeCast,22
2171,NodeShift,22
1582,NodeReinterpret,22
1583,NodeCast,22
2225,NodeReinterpret,22
1562,NodeReinterpret,22
1563,NodeCast,22
1564,NodeMux,30
2226,NodeReinterpret,22
1567,NodeReinterpret,22
1568,NodeCast,22
1569,NodeMux,30
1584,NodeMux,30
2174,NodeShift,22
1587,NodeReinterpret,22
1588,NodeCast,22
2227,NodeReinterpret,22
1572,NodeReinterpret,22
1573,NodeCast,22
1574,NodeMux,30
2228,NodeReinterpret,22
1577,NodeReinterpret,22
1578,NodeCast,22
1579,NodeMux,30
1589,NodeMux,30
1594,NodeMux,30
1723,NodeAdd,30
1724,NodeMux,30
1764,NodeOutput,30
2178,NodeReinterpret,23
2179,NodeCast,23
1413,NodeAdd,23
2180,NodeShift,23
1627,NodeReinterpret,23
1628,NodeCast,23
2181,NodeShift,23
1617,NodeReinterpret,23
1618,NodeCast,23
2229,NodeReinterpret,23
1597,NodeReinterpret,23
1598,NodeCast,23
1599,NodeMux,30
2230,NodeReinterpret,23
1602,NodeReinterpret,23
1603,NodeCast,23
1604,NodeMux,30
1619,NodeMux,30
2184,NodeShift,23
1622,NodeReinterpret,23
1623,NodeCast,23
2231,NodeReinterpret,23
1607,NodeReinterpret,23
1608,NodeCast,23
1609,NodeMux,30
2232,NodeReinterpret,23
1612,NodeReinterpret,23
1613,NodeCast,23
1614,NodeMux,30
1624,NodeMux,30
1629,NodeMux,30
1728,NodeAdd,30
1729,NodeMux,30
1769,NodeOutput,30
2188,NodeReinterpret,24
2189,NodeCast,24
1416,NodeAdd,24
2190,NodeShift,24
1662,NodeReinterpret,24
1663,NodeCast,24
2191,NodeShift,24
1652,NodeReinterpret,24
1653,NodeCast,24
2233,NodeReinterpret,24
1632,NodeReinterpret,24
1633,NodeCast,24
1634,NodeMux,30
2234,NodeReinterpret,24
1637,NodeReinterpret,24
1638,NodeCast,24
1639,NodeMux,30
1654,NodeMux,30
2194,NodeShift,24
1657,NodeReinterpret,24
1658,NodeCast,24
2235,NodeReinterpret,24
1642,NodeReinterpret,24
1643,NodeCast,24
1644,NodeMux,30
2236,NodeReinterpret,24
1647,NodeReinterpret,24
1648,NodeCast,24
1649,NodeMux,30
1659,NodeMux,30
1664,NodeMux,30
1733,NodeAdd,30
1734,NodeMux,30
1774,NodeOutput,30
2198,NodeReinterpret,25
2199,NodeCast,25
1419,NodeAdd,25
2200,NodeShift,25
1697,NodeReinterpret,25
1698,NodeCast,25
2201,NodeShift,25
1687,NodeReinterpret,25
1688,NodeCast,25
2237,NodeReinterpret,25
1667,NodeReinterpret,25
1668,NodeCast,25
1669,NodeMux,30
2238,NodeReinterpret,25
1672,NodeReinterpret,25
1673,NodeCast,25
1674,NodeMux,30
1689,NodeMux,30
2204,NodeShift,25
1692,NodeReinterpret,25
1693,NodeCast,25
2239,NodeReinterpret,25
1677,NodeReinterpret,25
1678,NodeCast,25
1679,NodeMux,30
2240,NodeReinterpret,25
1682,NodeReinterpret,25
1683,NodeCast,25
1684,NodeMux,30
1694,NodeMux,30
1699,NodeMux,30
1738,NodeAdd,30
1739,NodeMux,30
1779,NodeOutput,30
1790,NodeCounter,3
1791,NodeStreamOffset,3
1793,NodeOutputMappedReg,4
1796,NodeCounter,0
2207,NodeEqInlined,0
1797,NodeFlush,1
